issue_year,loan_count
2017.000000000,44435
2019.000000000,51737
2013.000000000,13460
2018.000000000,49333
2014.000000000,23453
2016.000000000,43368
2015.000000000,41919
2012.000000000,2594
